"","eruptionID","geyser","eruption_time_epoch","has_seconds","exact","ns","ie","E","A","wc","ini","maj","min","q","duration","entrant","observer","eruption_comment","time_updated","time_entered","associated_primaryID","other_comments","Old_Faithful_Preplay_Time_VEC","Old_Faithful_Height_VEC"
"1","23132","Old Faithful","10506540",0,"1","0","0",0,0,0,0,1,0,0,"4min","BoekelUpload","OFVCL-EV","",1335129843,1335129843,23132,"NULL","NULL","NULL"
"2","23133","Old Faithful","10510800",0,"1","0","0",0,0,0,0,0,1,0,"1.5min","BoekelUpload","OFVCL-EV","",1335129876,1335129876,23133,"NULL","NULL","NULL"
"3","23134","Old Faithful","10513800",0,"1","0","0",0,0,0,0,1,0,0,"4.25m","BoekelUpload","OFVCL-EV","",1335129909,1335129909,23134,"NULL","NULL","NULL"
"4","23135","Old Faithful","10517820",0,"1","0","0",0,0,0,0,1,0,0,"4m","BoekelUpload","OFVCL-EV","",1335129944,1335129944,23135,"NULL","NULL","NULL"
"5","23136","Old Faithful","10522680",0,"1","0","0",0,0,0,0,0,1,0,"1.75min","BoekelUpload","OFVCL-EV","",1335130069,1335130069,23136,"NULL","NULL","NULL"
"6","23137","Old Faithful","10525260",0,"1","0","0",0,0,0,0,1,0,0,"4.5min","BoekelUpload","OFVCL-EV","",1335130119,1335130119,23137,"NULL","NULL","NULL"
"7","23138","Old Faithful","10529460",0,"1","0","0",0,0,0,0,1,0,0,"4min","BoekelUpload","OFVCL-EV","",1335130175,1335130175,23138,"NULL","NULL","NULL"
"8","23139","Old Faithful","10533420",0,"1","0","0",0,0,0,0,1,0,0,"4min","BoekelUpload","OFVCL-EV","",1335130201,1335130201,23139,"NULL","NULL","NULL"
"9","23140","Old Faithful","10537560",0,"1","0","0",0,0,0,0,0,0,0,"","BoekelUpload","OFVCL-EV","",1335130225,1335130225,23140,"NULL","NULL","NULL"
"10","23145","Old Faithful","10593480",0,"1","0","0",0,0,0,0,1,0,0,"4min","BoekelUpload","OFVCL-EV","",1335130684,1335130684,23145,"NULL","NULL","NULL"
"11","23146","Old Faithful","10597680",0,"1","0","0",0,0,0,0,0,1,0,"2min","BoekelUpload","OFVCL-EV","",1335130723,1335130723,23146,"NULL","NULL","NULL"
"12","23147","Old Faithful","10600320",0,"1","0","0",0,0,0,0,1,0,0,"4.25min","BoekelUpload","OFVCL-EV","",1335130757,1335130757,23147,"NULL","NULL","NULL"
"13","23148","Old Faithful","10605600",0,"1","0","0",0,0,0,0,0,1,0,"1.75min","BoekelUpload","OFVCL-EV","",1335130804,1335130804,23148,"NULL","NULL","NULL"
"14","23150","Old Faithful","10608360",0,"1","0","0",0,0,0,0,1,0,0,"4min","BoekelUpload","OFVCL-EV","",1335130867,1335130867,23150,"NULL","NULL","NULL"
"15","23152","Old Faithful","10612320",0,"1","0","0",0,0,0,0,0,1,0,"2.25min","BoekelUpload","OFVCL-EV","",1335130978,1335130978,23152,"NULL","NULL","NULL"
"16","23153","Old Faithful","10615560",0,"1","0","0",0,0,0,0,1,0,0,"4min","BoekelUpload","OFVCL-EV","",1335131021,1335131021,23153,"NULL","NULL","NULL"
"17","23154","Old Faithful","10620060",0,"1","0","0",0,0,0,0,0,1,0,"2min","BoekelUpload","OFVCL-EV","",1335131050,1335131050,23154,"NULL","NULL","NULL"
"18","23151","Old Faithful","10623000",0,"1","0","0",0,0,0,0,1,0,0,"4min","BoekelUpload","OFVCL-EV","",1335130926,1335130926,23151,"NULL","NULL","NULL"
"19","23155","Old Faithful","10679040",0,"1","0","0",0,0,0,0,1,0,0,"4.25min","BoekelUpload","OFVCL-EV","",1335131238,1335131238,23155,"NULL","NULL","NULL"
"20","23158","Old Faithful","10683540",0,"1","0","0",0,0,0,0,0,1,0,"2.5min","BoekelUpload","OFVCL-EV","",1335131503,1335131503,23158,"NULL","NULL","NULL"
"21","23159","Old Faithful","10686840",0,"1","0","0",0,0,0,0,1,0,0,"4.5min","BoekelUpload","OFVCL-EV","",1335131525,1335131525,23159,"NULL","NULL","NULL"
"22","23167","Old Faithful","10690980",0,"1","0","0",0,0,0,0,1,0,0,"3+min","BoekelUpload","OFVCL-EV","",1335133466,1335133466,23167,"NULL","NULL","NULL"
"23","23168","Old Faithful","10696260",0,"1","0","0",0,0,0,0,0,1,0,"2min","BoekelUpload","OFVCL-EV","",1335133498,1335133498,23168,"NULL","NULL","NULL"
"24","23169","Old Faithful","10698540",0,"1","0","0",0,0,0,0,1,0,0,"4min","BoekelUpload","OFVCL-EV","",1335133537,1335133537,23169,"NULL","NULL","NULL"
"25","23170","Old Faithful","10703520",0,"1","0","0",0,0,0,0,0,1,0,"2min","BoekelUpload","OFVCL-EV","",1335133642,1335133642,23170,"NULL","NULL","NULL"
"26","23171","Old Faithful","10707000",0,"1","0","0",0,0,0,0,1,0,0,"4min","BoekelUpload","OFVCL-EV","",1335133674,1335133674,23171,"NULL","NULL","NULL"
"27","23174","Old Faithful","10763220",0,"1","0","0",0,0,0,0,0,0,0,"","BoekelUpload","OFVCL-EV","",1335133800,1335133800,23174,"NULL","NULL","NULL"
"28","23175","Old Faithful","10767180",0,"1","0","0",0,0,0,0,0,1,0,"2.5min","BoekelUpload","OFVCL-EV","",1335133824,1335133824,23175,"NULL","NULL","NULL"
"29","23176","Old Faithful","10771500",0,"1","0","0",0,0,0,0,0,1,0,"2.75min","BoekelUpload","OFVCL-EV","",1335133859,1335133859,23176,"NULL","NULL","NULL"
"30","23177","Old Faithful","10775280",0,"1","0","0",0,0,0,0,1,0,0,"4.5","BoekelUpload","OFVCL-EV","",1335133967,1335133967,23177,"NULL","NULL","NULL"
"31","23178","Old Faithful","10783800",0,"1","0","0",0,0,0,0,0,1,0,"2.25","BoekelUpload","OFVCL-EV","",1335134012,1335134012,23178,"NULL","NULL","NULL"
"32","23180","Old Faithful","10787700",0,"1","0","0",0,0,0,0,1,0,0,"4min","BoekelUpload","OFVCL-EV","",1335134040,1335134040,23180,"NULL","NULL","NULL"
"33","23181","Old Faithful","10792140",0,"1","0","0",0,0,0,0,0,1,0,"2min","BoekelUpload","OFVCL-EV","",1335134066,1335134066,23181,"NULL","NULL","NULL"
"34","23182","Old Faithful","10795680",0,"1","0","0",0,0,0,0,1,0,0,"3.5min","BoekelUpload","OFVCL-EV","",1335134104,1335134104,23182,"NULL","NULL","NULL"
"35","23185","Old Faithful","10849500",0,"1","0","0",0,0,0,0,0,0,0,"","BoekelUpload","OFVCL-EV","",1335134441,1335134441,23185,"NULL","NULL","NULL"
"36","23186","Old Faithful","10852680",0,"1","0","0",0,0,0,0,1,0,0,"4:50","BoekelUpload","OFVCL-EV","",1335134470,1335134470,23186,"NULL","NULL","NULL"
"37","23187","Old Faithful","10856820",0,"1","0","0",0,0,0,0,1,0,0,"4:15","BoekelUpload","OFVCL-EV","",1335134500,1335134500,23187,"NULL","NULL","NULL"
"38","23188","Old Faithful","10865640",0,"1","0","0",0,0,0,0,0,1,0,"~2min","BoekelUpload","OFVCL-EV","",1335134538,1335134538,23188,"NULL","NULL","NULL"
"39","23189","Old Faithful","10872840",0,"1","0","0",0,0,0,0,0,0,0,"3.5min","BoekelUpload","OFVCL-EV","",1335134627,1335134611,23189,"NULL","NULL","NULL"
"40","23190","Old Faithful","10876320",0,"1","0","0",0,0,0,0,1,0,0,"4min","BoekelUpload","OFVCL-EV","",1335134651,1335134651,23190,"NULL","NULL","NULL"
"41","23191","Old Faithful","10880580",0,"1","0","0",0,0,0,0,1,0,0,"4min","BoekelUpload","OFVCL-EV","",1335134682,1335134682,23191,"NULL","NULL","NULL"
"42","23482","Old Faithful","10939020",0,"1","0","0",0,0,0,0,1,0,0,"4min","BoekelUpload","OFVCL-EV","",1335154608,1335154608,23482,"NULL","NULL","NULL"
"43","23483","Old Faithful","10943820",0,"1","0","0",0,0,0,0,0,1,0,"2min","BoekelUpload","OFVCL-EV","",1335154717,1335154717,23483,"NULL","NULL","NULL"
"44","23484","Old Faithful","10946460",0,"1","0","0",0,0,0,0,1,0,0,"4.5min","BoekelUpload","OFVCL-EV","",1335154745,1335154745,23484,"NULL","NULL","NULL"
"45","23491","Old Faithful","10950780",0,"1","0","0",0,0,0,0,1,0,0,"4min","BoekelUpload","OFVCL-EV","",1335155217,1335155217,23491,"NULL","NULL","NULL"
"46","23492","Old Faithful","10954860",0,"1","0","0",0,0,0,0,0,1,0,"2min","BoekelUpload","OFVCL-EV","",1335155267,1335155267,23492,"NULL","NULL","NULL"
"47","23493","Old Faithful","10957800",0,"1","0","0",0,0,0,0,1,0,0,"4.5min","BoekelUpload","OFVCL-EV","",1335155307,1335155307,23493,"NULL","NULL","NULL"
"48","23494","Old Faithful","10963200",0,"1","0","0",0,0,0,0,0,1,0,"2min","BoekelUpload","OFVCL-EV","",1335155409,1335155409,23494,"NULL","NULL","NULL"
"49","23495","Old Faithful","10965900",0,"1","0","0",0,0,0,0,1,0,0,"4.5min","BoekelUpload","OFVCL-EV","",1335155446,1335155446,23495,"NULL","NULL","NULL"
"50","23532","Old Faithful","11025720",0,"1","0","0",0,0,0,0,1,0,0,"4min","BoekelUpload","OFVCL-EV","",1335206745,1335206745,23532,"NULL","NULL","NULL"
"51","23533","Old Faithful","11029380",0,"1","0","0",0,0,0,0,1,0,0,"4.5min","BoekelUpload","OFVCL-EV","",1335206841,1335206841,23533,"NULL","NULL","NULL"
"52","23534","Old Faithful","11033340",0,"1","0","0",0,0,0,0,0,1,0,"2min","BoekelUpload","OFVCL-EV","",1335206869,1335206869,23534,"NULL","NULL","NULL"
"53","23535","Old Faithful","11036820",0,"1","0","0",0,0,0,0,1,0,0,"4min","BoekelUpload","OFVCL-EV","",1335206894,1335206894,23535,"NULL","NULL","NULL"
"54","23536","Old Faithful","11041320",0,"1","0","0",0,0,0,0,0,1,0,"2min","BoekelUpload","OFVCL-EV","",1335206936,1335206936,23536,"NULL","NULL","NULL"
"55","23537","Old Faithful","11044140",0,"1","0","0",0,0,0,0,1,0,0,"4.5min","BoekelUpload","OFVCL-EV","",1335206967,1335206967,23537,"NULL","NULL","NULL"
"56","23538","Old Faithful","11048340",0,"1","0","0",0,0,0,0,1,0,0,"4min","BoekelUpload","OFVCL-EV","",1335207007,1335207007,23538,"NULL","NULL","NULL"
"57","23539","Old Faithful","11052720",0,"1","0","0",0,0,0,0,0,1,0,"2min","BoekelUpload","OFVCL-EV","",1335207033,1335207033,23539,"NULL","NULL","NULL"
"58","23540","Old Faithful","11055540",0,"1","0","0",0,0,0,0,0,0,0,"","BoekelUpload","OFVCL-EV","",1335207059,1335207059,23540,"NULL","NULL","NULL"
"59","23552","Old Faithful","11109540",0,"1","0","0",0,0,0,0,1,0,0,"4.5min","BoekelUpload","OFVCL-EV","",1335219103,1335219103,23552,"NULL","NULL","NULL"
"60","23651","Old Faithful","11114040",0,"1","0","0",0,0,0,0,1,0,0,"4.25m","BoekelUpload","OFVCL-EV","",1335328642,1335328642,23651,"NULL","NULL","NULL"
"61","23652","Old Faithful","11118300",0,"1","0","0",0,0,0,0,0,1,0,"4.25m","BoekelUpload","OFVCL-EV","",1335328642,1335328642,23652,"NULL","NULL","NULL"
"62","23653","Old Faithful","11120940",0,"1","0","0",0,0,0,0,1,0,0,"4m","BoekelUpload","OFVCL-EV","",1335328642,1335328642,23653,"NULL","NULL","NULL"
"63","23654","Old Faithful","11125200",0,"1","0","0",0,0,0,0,0,1,0,"2m","BoekelUpload","OFVCL-EV","",1335328642,1335328642,23654,"NULL","NULL","NULL"
"64","23655","Old Faithful","11128200",0,"1","0","0",0,0,0,0,1,0,0,"4m","BoekelUpload","OFVCL-EV","",1335328642,1335328642,23655,"NULL","NULL","NULL"
"65","23656","Old Faithful","11132580",0,"1","0","0",0,0,0,0,1,0,0,"4m","BoekelUpload","OFVCL-EV","",1335328642,1335328642,23656,"NULL","NULL","NULL"
"66","23657","Old Faithful","11136900",0,"1","0","0",0,0,0,0,0,1,0,"2m","BoekelUpload","OFVCL-EV","",1335328642,1335328642,23657,"NULL","NULL","NULL"
"67","23553","Old Faithful","11139840",0,"1","0","0",0,0,0,0,1,0,0,"5min","BoekelUpload","OFVCL-EV","",1335219486,1335219486,23553,"NULL","NULL","NULL"
"68","23659","Old Faithful","11196600",0,"1","0","0",0,0,0,0,1,0,0,"4m","BoekelUpload","OFVCL-EV","",1335329149,1335329149,23659,"NULL","NULL","NULL"
"69","23660","Old Faithful","11201220",0,"1","0","0",0,0,0,0,0,1,0,"2m","BoekelUpload","OFVCL-EV","",1335329149,1335329149,23660,"NULL","NULL","NULL"
"70","23661","Old Faithful","11204460",0,"1","0","0",0,0,0,0,1,0,0,"4m","BoekelUpload","OFVCL-EV","",1335329149,1335329149,23661,"NULL","NULL","NULL"
"71","23662","Old Faithful","11208660",0,"1","0","0",0,0,0,0,1,0,0,"4m","BoekelUpload","OFVCL-EV","",1335329149,1335329149,23662,"NULL","NULL","NULL"
"72","23663","Old Faithful","11213400",0,"1","0","0",0,0,0,0,0,1,0,"2.25m","BoekelUpload","OFVCL-EV","",1335329149,1335329149,23663,"NULL","NULL","NULL"
"73","23664","Old Faithful","11216640",0,"1","0","0",0,0,0,0,1,0,0,"4m","BoekelUpload","OFVCL-EV","",1335329149,1335329149,23664,"NULL","NULL","NULL"
"74","23665","Old Faithful","11221440",0,"1","0","0",0,0,0,0,1,0,0,"4m","BoekelUpload","OFVCL-EV","",1335329149,1335329149,23665,"NULL","NULL","NULL"
"75","23666","Old Faithful","11225220",0,"1","0","0",0,0,0,0,0,1,0,"2m","BoekelUpload","OFVCL-EV","",1335329149,1335329149,23666,"NULL","NULL","NULL"
"76","23669","Old Faithful","11282760",0,"1","0","0",0,0,0,0,0,1,0,"2m","BoekelUpload","OFVCL-EV","",1335329465,1335329465,23669,"NULL","NULL","NULL"
"77","23670","Old Faithful","11285340",0,"1","0","0",0,0,0,0,1,0,0,"4m","BoekelUpload","OFVCL-EV","",1335329465,1335329465,23670,"NULL","NULL","NULL"
"78","23671","Old Faithful","11290320",0,"1","0","0",0,0,0,0,0,1,0,"2m","BoekelUpload","OFVCL-EV","",1335329465,1335329465,23671,"NULL","NULL","NULL"
"79","23672","Old Faithful","11292960",0,"1","0","0",0,0,0,0,1,0,0,"4.25m","BoekelUpload","OFVCL-EV","",1335329465,1335329465,23672,"NULL","NULL","NULL"
"80","23673","Old Faithful","11297280",0,"1","0","0",0,0,0,0,1,0,0,"4m","BoekelUpload","OFVCL-EV","",1335329465,1335329465,23673,"NULL","NULL","NULL"
"81","23674","Old Faithful","11300940",0,"1","0","0",0,0,0,0,1,0,0,"4m","BoekelUpload","OFVCL-EV","",1335329465,1335329465,23674,"NULL","NULL","NULL"
"82","23675","Old Faithful","11304900",0,"1","0","0",0,0,0,0,0,1,0,"2.75m","BoekelUpload","OFVCL-EV","",1335329465,1335329465,23675,"NULL","NULL","NULL"
"83","23676","Old Faithful","11308500",0,"1","0","0",0,0,0,0,1,0,0,"4.5m","BoekelUpload","OFVCL-EV","",1335329465,1335329465,23676,"NULL","NULL","NULL"
"84","23677","Old Faithful","11313360",0,"1","0","0",0,0,0,0,0,1,0,"2m","BoekelUpload","OFVCL-EV","",1335329465,1335329465,23677,"NULL","NULL","NULL"
"85","23679","Old Faithful","11379420",0,"1","0","0",0,0,0,0,0,1,0,"2.75m","BoekelUpload","OFVCL-EV","",1335329507,1335329507,23679,"NULL","NULL","NULL"
"86","23680","Old Faithful","11383260",0,"1","0","0",0,0,0,0,1,0,0,"4.5m","BoekelUpload","OFVCL-EV","",1335329507,1335329507,23680,"NULL","NULL","NULL"
"87","23681","Old Faithful","11387400",0,"1","0","0",0,0,0,0,0,1,0,"2m","BoekelUpload","OFVCL-EV","",1335329507,1335329507,23681,"NULL","NULL","NULL"
"88","23682","Old Faithful","11394900",0,"1","0","0",0,0,0,0,0,1,0,"2m","BoekelUpload","OFVCL-EV","",1335329507,1335329507,23682,"NULL","NULL","NULL"
"89","23683","Old Faithful","11397480",0,"1","0","0",0,0,0,0,1,0,0,"4m","BoekelUpload","OFVCL-EV","",1335329507,1335329507,23683,"NULL","NULL","NULL"
"90","23684","Old Faithful","11457660",0,"1","0","0",0,0,0,0,0,1,0,"2m","BoekelUpload","OFVCL-EV","",1335329561,1335329561,23684,"NULL","NULL","NULL"
"91","23685","Old Faithful","11460420",0,"1","0","0",0,0,0,0,1,0,0,"4m","BoekelUpload","OFVCL-EV","",1335329561,1335329561,23685,"NULL","NULL","NULL"
"92","23686","Old Faithful","11464800",0,"1","0","0",0,0,0,0,0,1,0,"2m","BoekelUpload","OFVCL-EV","",1335329561,1335329561,23686,"NULL","NULL","NULL"
"93","23687","Old Faithful","11467440",0,"1","0","0",0,0,0,0,1,0,0,"4m","BoekelUpload","OFVCL-EV","",1335329561,1335329561,23687,"NULL","NULL","NULL"
"94","23688","Old Faithful","11475000",0,"1","0","0",0,0,0,0,1,0,0,"4m","BoekelUpload","OFVCL-EV","",1335329561,1335329561,23688,"NULL","NULL","NULL"
"95","23689","Old Faithful","11479560",0,"1","0","0",0,0,0,0,0,1,0,"1.75m","BoekelUpload","OFVCL-EV","",1335329561,1335329561,23689,"NULL","NULL","NULL"
"96","23690","Old Faithful","11482320",0,"1","0","0",0,0,0,0,1,0,0,"4.25m","BoekelUpload","OFVCL-EV","",1335329562,1335329562,23690,"NULL","NULL","NULL"
"97","23691","Old Faithful","11486640",0,"1","0","0",0,0,0,0,1,0,0,"4m","BoekelUpload","OFVCL-EV","",1335329562,1335329562,23691,"NULL","NULL","NULL"
"98","23693","Old Faithful","11542080",0,"1","0","0",0,0,0,0,1,0,0,"4.25m","BoekelUpload","OFVCL-EV","",1335329907,1335329907,23693,"NULL","NULL","NULL"
"99","23694","Old Faithful","11546640",0,"1","0","0",0,0,0,0,0,1,0,"2.25m","BoekelUpload","OFVCL-EV","",1335329907,1335329907,23694,"NULL","NULL","NULL"
"100","23695","Old Faithful","11550240",0,"1","0","0",0,0,0,0,1,0,0,"4m","BoekelUpload","OFVCL-EV","",1335329907,1335329907,23695,"NULL","NULL","NULL"
"101","23696","Old Faithful","11554620",0,"1","0","0",0,0,0,0,0,1,0,"2m","BoekelUpload","OFVCL-EV","",1335329907,1335329907,23696,"NULL","NULL","NULL"
"102","23697","Old Faithful","11557620",0,"1","0","0",0,0,0,0,1,0,0,"4m","BoekelUpload","OFVCL-EV","",1335329907,1335329907,23697,"NULL","NULL","NULL"
"103","23698","Old Faithful","11562120",0,"1","0","0",0,0,0,0,0,1,0,"1.75m","BoekelUpload","OFVCL-EV","",1335329907,1335329907,23698,"NULL","NULL","NULL"
"104","23699","Old Faithful","11565180",0,"1","0","0",0,0,0,0,1,0,0,"4.5m","BoekelUpload","OFVCL-EV","",1335329907,1335329907,23699,"NULL","NULL","NULL"
"105","23700","Old Faithful","11569440",0,"1","0","0",0,0,0,0,1,0,0,"3.5m","BoekelUpload","OFVCL-EV","",1335329907,1335329907,23700,"NULL","NULL","NULL"
"106","23701","Old Faithful","11574000",0,"1","0","0",0,0,0,0,0,1,0,"2m","BoekelUpload","OFVCL-EV","",1335329907,1335329907,23701,"NULL","NULL","NULL"
"107","23705","Old Faithful","11628360",0,"1","0","0",0,0,0,0,1,0,0,"4m","BoekelUpload","OFVCL-EV","",1335329970,1335329970,23705,"NULL","NULL","NULL"
"108","23706","Old Faithful","11632920",0,"1","0","0",0,0,0,0,0,1,0,"2.25m","BoekelUpload","OFVCL-EV","",1335329970,1335329970,23706,"NULL","NULL","NULL"
"109","23707","Old Faithful","11635860",0,"1","0","0",0,0,0,0,1,0,0,"4.25m","BoekelUpload","OFVCL-EV","",1335329970,1335329970,23707,"NULL","NULL","NULL"
"110","23708","Old Faithful","11640420",0,"1","0","0",0,0,0,0,0,1,0,"2.75m","BoekelUpload","OFVCL-EV","",1335329970,1335329970,23708,"NULL","NULL","NULL"
"111","23709","Old Faithful","11643900",0,"1","0","0",0,0,0,0,1,0,0,"4m","BoekelUpload","OFVCL-EV","",1335329970,1335329970,23709,"NULL","NULL","NULL"
"112","23710","Old Faithful","11648520",0,"1","0","0",0,0,0,0,0,1,0,"2.25m","BoekelUpload","OFVCL-EV","",1335329971,1335329971,23710,"NULL","NULL","NULL"
"113","23711","Old Faithful","11651580",0,"1","0","0",0,0,0,0,1,0,0,"4.25m","BoekelUpload","OFVCL-EV","",1335329971,1335329971,23711,"NULL","NULL","NULL"
"114","23712","Old Faithful","11655960",0,"1","0","0",0,0,0,0,0,1,0,"2m","BoekelUpload","OFVCL-EV","",1335329971,1335329971,23712,"NULL","NULL","NULL"
"115","23713","Old Faithful","11659140",0,"1","0","0",0,0,0,0,1,0,0,"4.25m","BoekelUpload","OFVCL-EV","",1335329971,1335329971,23713,"NULL","NULL","NULL"
"116","23714","Old Faithful","11717280",0,"1","0","0",0,0,0,0,0,1,0,"2.25m","BoekelUpload","OFVCL-EV","",1335330027,1335330027,23714,"NULL","NULL","NULL"
"117","23715","Old Faithful","11720700",0,"1","0","0",0,0,0,0,1,0,0,"4.25m","BoekelUpload","OFVCL-EV","",1335330027,1335330027,23715,"NULL","NULL","NULL"
"118","23716","Old Faithful","11725200",0,"1","0","0",0,0,0,0,0,1,0,"1.75m","BoekelUpload","OFVCL-EV","",1335330027,1335330027,23716,"NULL","NULL","NULL"
"119","23717","Old Faithful","11727720",0,"1","0","0",0,0,0,0,1,0,0,"4.25m","BoekelUpload","OFVCL-EV","",1335330027,1335330027,23717,"NULL","NULL","NULL"
"120","23718","Old Faithful","11732520",0,"1","0","0",0,0,0,0,0,1,0,"2m","BoekelUpload","OFVCL-EV","",1335330027,1335330027,23718,"NULL","NULL","NULL"
"121","23719","Old Faithful","11735160",0,"1","0","0",0,0,0,0,1,0,0,"4m","BoekelUpload","OFVCL-EV","",1335330027,1335330027,23719,"NULL","NULL","NULL"
"122","23720","Old Faithful","11739480",0,"1","0","0",0,0,0,0,1,0,0,"4m","BoekelUpload","OFVCL-EV","",1335330027,1335330027,23720,"NULL","NULL","NULL"
"123","23721","Old Faithful","11743560",0,"1","0","0",0,0,0,0,1,0,0,"4m","BoekelUpload","OFVCL-EV","",1335330027,1335330027,23721,"NULL","NULL","NULL"
"124","23723","Old Faithful","11802360",0,"1","0","0",0,0,0,0,0,1,0,"3.25m","BoekelUpload","OFVCL-EV","",1335330080,1335330080,23723,"NULL","NULL","NULL"
"125","23724","Old Faithful","11807040",0,"1","0","0",0,0,0,0,1,0,0,"4m","BoekelUpload","OFVCL-EV","",1335330080,1335330080,23724,"NULL","NULL","NULL"
"126","23725","Old Faithful","11811000",0,"1","0","0",0,0,0,0,1,0,0,"4m","BoekelUpload","OFVCL-EV","",1335330080,1335330080,23725,"NULL","NULL","NULL"
"127","23726","Old Faithful","11815500",0,"1","0","0",0,0,0,0,1,0,0,"4m","BoekelUpload","OFVCL-EV","",1335330080,1335330080,23726,"NULL","NULL","NULL"
"128","23727","Old Faithful","11819220",0,"1","0","0",0,0,0,0,1,0,0,"4.25m","BoekelUpload","OFVCL-EV","",1335330080,1335330080,23727,"NULL","NULL","NULL"
"129","23728","Old Faithful","11823300",0,"1","0","0",0,0,0,0,0,1,0,"2.25m","BoekelUpload","OFVCL-EV","",1335330080,1335330080,23728,"NULL","NULL","NULL"
"130","23729","Old Faithful","11827620",0,"1","0","0",0,0,0,0,0,1,0,"2m","BoekelUpload","OFVCL-EV","",1335330080,1335330080,23729,"NULL","NULL","NULL"
"131","23730","Old Faithful","11830440",0,"1","0","0",0,0,0,0,1,0,0,"4.25m","BoekelUpload","OFVCL-EV","",1335330080,1335330080,23730,"NULL","NULL","NULL"
"132","23731","Old Faithful","11835240",0,"1","0","0",0,0,0,0,0,1,0,"3m","BoekelUpload","OFVCL-EV","",1335330080,1335330080,23731,"NULL","NULL","NULL"
"133","23732","Old Faithful","11838660",0,"1","0","0",0,0,0,0,1,0,0,"4.5m","BoekelUpload","OFVCL-EV","",1335330080,1335330080,23732,"NULL","NULL","NULL"
"134","23733","Old Faithful","11843040",0,"1","0","0",0,0,0,0,1,0,0,"4m","BoekelUpload","OFVCL-EV","",1335330080,1335330080,23733,"NULL","NULL","NULL"
"135","23734","Old Faithful","11847180",0,"1","0","0",0,0,0,0,1,0,0,"4m","BoekelUpload","OFVCL-EV","",1335330080,1335330080,23734,"NULL","NULL","NULL"
"136","23738","Old Faithful","11886960",0,"1","0","0",0,0,0,0,0,0,0,"4m","BoekelUpload","OFVCL-EV","",1335330443,1335330443,23738,"NULL","NULL","NULL"
"137","23739","Old Faithful","11891100",0,"1","0","0",0,0,0,0,0,0,0,"2m","BoekelUpload","OFVCL-EV","",1335330443,1335330443,23739,"NULL","NULL","NULL"
"138","23740","Old Faithful","11894280",0,"1","0","0",0,0,0,0,0,0,0,"4m","BoekelUpload","OFVCL-EV","",1335330443,1335330443,23740,"NULL","NULL","NULL"
"139","23741","Old Faithful","11898540",0,"1","0","0",0,0,0,0,0,0,0,"3.75m","BoekelUpload","OFVCL-EV","",1335330443,1335330443,23741,"NULL","NULL","NULL"
"140","23742","Old Faithful","11906640",0,"1","0","0",0,0,0,0,0,0,0,"2.75m","BoekelUpload","OFVCL-EV","",1335330443,1335330443,23742,"NULL","NULL","NULL"
"141","23743","Old Faithful","11910600",0,"1","0","0",0,0,0,0,0,0,0,"3.5m","BoekelUpload","OFVCL-EV","",1335330443,1335330443,23743,"NULL","NULL","NULL"
"142","23744","Old Faithful","11914920",0,"1","0","0",0,0,0,0,0,0,0,"2m","BoekelUpload","OFVCL-EV","",1335330443,1335330443,23744,"NULL","NULL","NULL"
"143","23745","Old Faithful","11917860",0,"1","0","0",0,0,0,0,0,0,0,"4m","BoekelUpload","OFVCL-EV","",1335330443,1335330443,23745,"NULL","NULL","NULL"
"144","23749","Old Faithful","11974320",0,"1","0","0",0,0,0,0,1,0,0,"4m","BoekelUpload","OFVCL-EV","",1335330931,1335330931,23749,"NULL","NULL","NULL"
"145","23750","Old Faithful","11978460",0,"1","0","0",0,0,0,0,0,1,0,"2.75m","BoekelUpload","OFVCL-EV","",1335330931,1335330931,23750,"NULL","NULL","NULL"
"146","23751","Old Faithful","11981160",0,"1","0","0",0,0,0,0,1,0,0,"5m","BoekelUpload","OFVCL-EV","",1335330931,1335330931,23751,"NULL","NULL","NULL"
"147","23752","Old Faithful","11985780",0,"1","0","0",0,0,0,0,0,1,0,"1.5m","BoekelUpload","OFVCL-EV","",1335330931,1335330931,23752,"NULL","NULL","NULL"
"148","23753","Old Faithful","11993880",0,"1","0","0",0,0,0,0,0,1,0,"3.25m","BoekelUpload","OFVCL-EV","",1335330931,1335330931,23753,"NULL","NULL","NULL"
"149","23754","Old Faithful","11997540",0,"1","0","0",0,0,0,0,0,1,0,"3.5m","BoekelUpload","OFVCL-EV","",1335330931,1335330931,23754,"NULL","NULL","NULL"
"150","23755","Old Faithful","12001740",0,"1","0","0",0,0,0,0,1,0,0,"4m","BoekelUpload","OFVCL-EV","",1335330931,1335330931,23755,"NULL","NULL","NULL"
"151","23756","Old Faithful","12005340",0,"1","0","0",0,0,0,0,0,1,0,"3.5m","BoekelUpload","OFVCL-EV","",1335330931,1335330931,23756,"NULL","NULL","NULL"
"152","23757","Old Faithful","12010500",0,"1","0","0",0,0,0,0,0,1,0,"2.5m","BoekelUpload","OFVCL-EV","",1335330931,1335330931,23757,"NULL","NULL","NULL"
"153","23762","Old Faithful","12058680",0,"1","0","0",0,0,0,0,1,0,0,"4.5m","BoekelUpload","OFVCL-EV","",1335330975,1335330975,23762,"NULL","NULL","NULL"
"154","23763","Old Faithful","12062880",0,"1","0","0",0,0,0,0,0,1,0,"3.25m","BoekelUpload","OFVCL-EV","",1335330975,1335330975,23763,"NULL","NULL","NULL"
"155","23764","Old Faithful","12067620",0,"1","0","0",0,0,0,0,1,0,0,"4m","BoekelUpload","OFVCL-EV","",1335330975,1335330975,23764,"NULL","NULL","NULL"
"156","23765","Old Faithful","12071580",0,"1","0","0",0,0,0,0,1,0,0,"3.75m","BoekelUpload","OFVCL-EV","",1335330975,1335330975,23765,"NULL","NULL","NULL"
"157","23766","Old Faithful","12078780",0,"1","0","0",0,0,0,0,0,1,0,"3.5m","BoekelUpload","OFVCL-EV","",1335330975,1335330975,23766,"NULL","NULL","NULL"
"158","23767","Old Faithful","12083520",0,"1","0","0",0,0,0,0,1,0,0,"3.75m","BoekelUpload","OFVCL-EV","",1335330975,1335330975,23767,"NULL","NULL","NULL"
"159","23768","Old Faithful","12087420",0,"1","0","0",0,0,0,0,1,0,0,"4m","BoekelUpload","OFVCL-EV","",1335330975,1335330975,23768,"NULL","NULL","NULL"
"160","23769","Old Faithful","12091320",0,"1","0","0",0,0,0,0,0,1,0,"3m","BoekelUpload","OFVCL-EV","",1335330975,1335330975,23769,"NULL","NULL","NULL"
"161","23770","Old Faithful","12095820",0,"1","0","0",0,0,0,0,0,1,0,"2.5m","BoekelUpload","OFVCL-EV","",1335330975,1335330975,23770,"NULL","NULL","NULL"
"162","23775","Old Faithful","12149160",0,"1","0","0",0,0,0,0,1,0,0,"3.75m","BoekelUpload","OFVCL-EV","",1335331033,1335331033,23775,"NULL","NULL","NULL"
"163","23776","Old Faithful","12153000",0,"1","0","0",0,0,0,0,0,1,0,"3m","BoekelUpload","OFVCL-EV","",1335331033,1335331033,23776,"NULL","NULL","NULL"
"164","23777","Old Faithful","12156960",0,"1","0","0",0,0,0,0,0,1,0,"3.5m","BoekelUpload","OFVCL-EV","",1335331033,1335331033,23777,"NULL","NULL","NULL"
"165","23778","Old Faithful","12160800",0,"1","0","0",0,0,0,0,1,0,0,"4m","BoekelUpload","OFVCL-EV","",1335331033,1335331033,23778,"NULL","NULL","NULL"
"166","23779","Old Faithful","12165360",0,"1","0","0",0,0,0,0,0,1,0,"2.25m","BoekelUpload","OFVCL-EV","",1335331033,1335331033,23779,"NULL","NULL","NULL"
"167","23780","Old Faithful","12168660",0,"1","0","0",0,0,0,0,0,1,0,"3.25m","BoekelUpload","OFVCL-EV","",1335331033,1335331033,23780,"NULL","NULL","NULL"
"168","23781","Old Faithful","12173040",0,"1","0","0",0,0,0,0,0,1,0,"2.5m","BoekelUpload","OFVCL-EV","",1335331033,1335331033,23781,"NULL","NULL","NULL"
"169","23782","Old Faithful","12176460",0,"1","0","0",0,0,0,0,0,1,0,"3.5m","BoekelUpload","OFVCL-EV","",1335331033,1335331033,23782,"NULL","NULL","NULL"
"170","23786","Old Faithful","12232860",0,"1","0","0",0,0,0,0,0,1,0,"3.5m","BoekelUpload","OFVCL-EV","",1335331074,1335331074,23786,"NULL","NULL","NULL"
"171","23787","Old Faithful","12237000",0,"1","0","0",0,0,0,0,0,1,0,"2.75m","BoekelUpload","OFVCL-EV","",1335331074,1335331074,23787,"NULL","NULL","NULL"
"172","23788","Old Faithful","12240180",0,"1","0","0",0,0,0,0,1,0,0,"3.75m","BoekelUpload","OFVCL-EV","",1335331074,1335331074,23788,"NULL","NULL","NULL"
"173","23789","Old Faithful","12244680",0,"1","0","0",0,0,0,0,0,1,0,"2m","BoekelUpload","OFVCL-EV","",1335331074,1335331074,23789,"NULL","NULL","NULL"
"174","23790","Old Faithful","12252000",0,"1","0","0",0,0,0,0,0,1,0,"2.25m","BoekelUpload","OFVCL-EV","",1335331074,1335331074,23790,"NULL","NULL","NULL"
"175","23791","Old Faithful","12255300",0,"1","0","0",0,0,0,0,0,1,0,"3.25m","BoekelUpload","OFVCL-EV","",1335331074,1335331074,23791,"NULL","NULL","NULL"
"176","23792","Old Faithful","12259980",0,"1","0","0",0,0,0,0,0,1,0,"2.25m","BoekelUpload","OFVCL-EV","",1335331074,1335331074,23792,"NULL","NULL","NULL"
"177","23793","Old Faithful","12262920",0,"1","0","0",0,0,0,0,1,0,0,"4.25m","BoekelUpload","OFVCL-EV","",1335331075,1335331075,23793,"NULL","NULL","NULL"
"178","23797","Old Faithful","12318720",0,"1","0","0",0,0,0,0,0,1,0,"3.5m","BoekelUpload","OFVCL-EV","",1335331183,1335331183,23797,"NULL","NULL","NULL"
"179","23798","Old Faithful","12322620",0,"1","0","0",0,0,0,0,1,0,0,"4m","BoekelUpload","OFVCL-EV","",1335331183,1335331183,23798,"NULL","NULL","NULL"
"180","23799","Old Faithful","12326820",0,"1","0","0",0,0,0,0,0,1,0,"2m","BoekelUpload","OFVCL-EV","",1335331183,1335331183,23799,"NULL","NULL","NULL"
"181","23800","Old Faithful","12329580",0,"1","0","0",0,0,0,0,1,0,0,"4m","BoekelUpload","OFVCL-EV","",1335331183,1335331183,23800,"NULL","NULL","NULL"
"182","23801","Old Faithful","12334140",0,"1","0","0",0,0,0,0,0,1,0,"2m","BoekelUpload","OFVCL-EV","",1335331183,1335331183,23801,"NULL","NULL","NULL"
"183","23802","Old Faithful","12337200",0,"1","0","0",0,0,0,0,1,0,0,"4m","BoekelUpload","OFVCL-EV","",1335331183,1335331183,23802,"NULL","NULL","NULL"
"184","23803","Old Faithful","12341520",0,"1","0","0",0,0,0,0,0,1,0,"2m","BoekelUpload","OFVCL-EV","",1335331183,1335331183,23803,"NULL","NULL","NULL"
"185","23804","Old Faithful","12344400",0,"1","0","0",0,0,0,0,1,0,0,"4m","BoekelUpload","OFVCL-EV","",1335331183,1335331183,23804,"NULL","NULL","NULL"
"186","23805","Old Faithful","12348840",0,"1","0","0",0,0,0,0,0,1,0,"2m","BoekelUpload","OFVCL-EV","",1335331183,1335331183,23805,"NULL","NULL","NULL"
"187","23806","Old Faithful","12351540",0,"1","0","0",0,0,0,0,0,0,0,"","BoekelUpload","OFVCL-EV","",1335331183,1335331183,23806,"NULL","NULL","NULL"
"188","23810","Old Faithful","12408360",0,"1","0","0",0,0,0,0,1,0,0,"3.75m","BoekelUpload","OFVCL-EV","",1335331247,1335331247,23810,"NULL","NULL","NULL"
"189","23811","Old Faithful","12412380",0,"1","0","0",0,0,0,0,0,1,0,"2.25m","BoekelUpload","OFVCL-EV","",1335331247,1335331247,23811,"NULL","NULL","NULL"
"190","23812","Old Faithful","12415320",0,"1","0","0",0,0,0,0,1,0,0,"4.25m","BoekelUpload","OFVCL-EV","",1335331247,1335331247,23812,"NULL","NULL","NULL"
"191","23813","Old Faithful","12419880",0,"1","0","0",0,0,0,0,0,1,0,"1.75m","BoekelUpload","OFVCL-EV","",1335331247,1335331247,23813,"NULL","NULL","NULL"
"192","23814","Old Faithful","12422580",0,"1","0","0",0,0,0,0,1,0,0,"4.25m","BoekelUpload","OFVCL-EV","",1335331247,1335331247,23814,"NULL","NULL","NULL"
"193","23815","Old Faithful","12427800",0,"1","0","0",0,0,0,0,0,1,0,"2m","BoekelUpload","OFVCL-EV","",1335331247,1335331247,23815,"NULL","NULL","NULL"
"194","23816","Old Faithful","12430800",0,"1","0","0",0,0,0,0,1,0,0,"3.75m","BoekelUpload","OFVCL-EV","",1335331247,1335331247,23816,"NULL","NULL","NULL"
"195","23817","Old Faithful","12435420",0,"1","0","0",0,0,0,0,0,1,0,"2m","BoekelUpload","OFVCL-EV","",1335331247,1335331247,23817,"NULL","NULL","NULL"
"196","23818","Old Faithful","12438840",0,"1","0","0",0,0,0,0,1,0,0,"4m","BoekelUpload","OFVCL-EV","",1335331247,1335331247,23818,"NULL","NULL","NULL"
"197","23822","Old Faithful","12493200",0,"1","0","0",0,0,0,0,0,1,0,"2.25m","BoekelUpload","OFVCL-EV","",1335331284,1335331284,23822,"NULL","NULL","NULL"
"198","23823","Old Faithful","12496500",0,"1","0","0",0,0,0,0,1,0,0,"4m","BoekelUpload","OFVCL-EV","",1335331284,1335331284,23823,"NULL","NULL","NULL"
"199","23824","Old Faithful","12500880",0,"1","0","0",0,0,0,0,0,1,0,"2m","BoekelUpload","OFVCL-EV","",1335331284,1335331284,23824,"NULL","NULL","NULL"
"200","23825","Old Faithful","12503880",0,"1","0","0",0,0,0,0,1,0,0,"4.5m","BoekelUpload","OFVCL-EV","",1335331284,1335331284,23825,"NULL","NULL","NULL"
